lucas.weimann1870@gmail.com,EnvironmentalSir2273,YGfq3vo0RoyF1qar
embranthirityler310@gmail.com,Melodic-Somewhere238,4UZqaVebvIQVlkRI
ticapraty1971@outlook.com,Front-Eagle8683,B4GE1Cln22IXXgpQ
jennifermooreeetcyekukuj@gmail.com,Professional_Monk784,klPbyfDXbiwb1JYY
barbarathompsonhcqmrvq@gmail.com,FitPlant6058,gTuFDwlHxptKJe4g
barbaranelsonpepwhi@gmail.com,Financial-Side893,gyYxy7bpn3Xd4IAC
karenkingjswnsqpbjg@gmail.com,Worldly-Bad9083,8LwGfZC96A0Lgrbd
karengarciaxxzfbmluz@gmail.com,Dramatic-Inspector97,eYcU7EbQ5lmEB8Np
bifisitil1976@outlook.com,Financial-Wear-4471,jiJAtuN4G5sL1XAR
alyloutan1975@outlook.com,Technical_Dingo1895,WFPaHDhzm5k56d9C
chewicende1984@outlook.com,Secret_Republic_5789,GN026FxIIpVtdmCx
carolrobinsonhcwtzlfbynepc@gmail.com,Fuzzy-Fig-9052,X2nA9of7ewsLYy2c
charleslopezmyrxjszhues@gmail.com,Present-Ad2185,muxSatFbiYrFY3og
chrysesacun1981@outlook.com,Key_Panic922,L6Lw96KLjBaMuGtJ
cayrosegrai1973@outlook.com,Alone-Plantain-1511,y5ykY3Qyg2kIzQgO
ceurifena1974@outlook.com,Due-Vermicelli1103,XlVcUhBMtADbJu4C
charlesclarkyljnssapchsd@gmail.com,Difficult-Outside147,agoPx7hZTsyKl3Lm
charlesphillipslubrvva@gmail.com,Zealousideal-You7984,3zsb9vdzO3Rp2VF3
karenmitchellkuqvmtmob@gmail.com,Kindly-Turnover-4406,fsU5ACbgoo52BbLI
karenmitchelluzudmtopwxt@gmail.com,InternationalUse3681,1cvUxPNrA8RycsDD
bolgambticbe1980@outlook.com,Kooky-Landscape-2914,CwFYTvdCVV4fckzo
werspleasriexi1984@outlook.com,No_Sheepherder2832,0K2OtPSgUNisuiCk
joganecking1979@outlook.com,Tough-Ad1343,Q6XRQKsrBxbKJ8sc
pactrintane1980@outlook.com,Zealousideal-Band330,iDQhsly7mfCFqD9o
karencampbellnjmnsztrwfer@gmail.com,No_Narwhal_3982,qfLW5wUvbHC1RCmb
bookfindspeedem1986@outlook.com,Medium_Cry_3790,EDx2fH3KwlauEWw5
karenjohnsonkcienc@gmail.com,Electrical-Fly9316,xB1EUK0gSL2UgEoK
karencampbellqshrfxaqc@gmail.com,No_Catch963,DPOXs7tOmTivAqcm
prenafkoga1983@outlook.com,Front-Piglet9417,aGFLp2Suq8AoPk8P
kevincampbellaekdysgwyw@gmail.com,Public-Price-9624,dXhzD9KlGMLdiUo9
stonopanav1979@outlook.com,Superb-Horse-5441,vGeF0Q4LOSq1cE5d
sieloracly1987@outlook.com,DeliciousDiscount629,Y7VzbXEOiaAweOGP
phojobsbladec1979@outlook.com,Used-Air8102,9gRaZYVYdmiZ8u2F
kevinwalkereshnwdbvjr@gmail.com,RoadPsychological583,iii8yhPxfdTqEt2n
kennethcampbellvmaqlgnv@gmail.com,RelationshipFar2690,tkGZBjbrbkN53bAc
pauladamsetjrguzoea@gmail.com,StraightLow9249,hXlVctBIR3IVsmUB
patriciawilsonymbyoqbyu@gmail.com,RevolutionSad2212,VUiYHyAb2ld5mpsq
kevinhillsykufqqhfxr@gmail.com,Warm_Bathroom4979,qGvDu1eSRnyjWNVk
dewey.butt6369@gmail.com,EasyInvestigator9518,P9pnvVQLNFqmGz91
dedgurafil1972@outlook.com,Available_Resident61,WcntqYssgyUQysKo
dohertyzachary6079@gmail.com,Altruistic_Lunch1058,CCJxfi9hGympB45r
devarmartin412@gmail.com,AncientInformation48,SxDLQmCDlWCRslNH
nochirabull1976@outlook.com,JustPension8567,VIkf03B4aPwdnkMX
nochirabull1976@outlook.com,No_Ring_2072,JtJUNVdV7Cef3rxz
dhawan.michele2398@gmail.com,Zealousideal-Fan8360,ia95aGGMHDKde0UM
dhawan.lisag@gmail.com,GeneralTreacle4777,NYQBM8ro0zItT3eq
hardnelreede1980@outlook.com,Mean_Juggernaut_6873,UO16VDkEaBLkhw4w
kiyokoboumansiidxbiegkmq@gmail.com,Tiny_Cod2977,Q2aWpSXlGrJYMcXN
miscuffcongdic1970@outlook.com,Same_Machine_5575,1ugjWiwqGFXsZlrX
siothumbtenuzh1975@outlook.com,Fabulous-Society4225,hVdyT5buYpmJIu6S
rexsteinhauserwugjylxkjktnq@gmail.com,OverallInflation9943,zUEw4Iw71XbfPsaG
myrtiskumferqfrkhkabrtfev@gmail.com,Ok_Bandicoot_3392,GExaGxNTTkmmSb4F
codoufuncmirs1977@outlook.com,OppositeAd8002,wjViobqA4QXeux7G
margaretamcbroomedbhfajps@gmail.com,Emergency-Lead4281,mLHn9rWixsFuvS0n
ryannohlsenercmfbxssfcun@gmail.com,ReputationExtreme212,LoVvil9NLCNI00oE
oraliesegelvxixtdrhusvgc@gmail.com,CoupleParticular7102,Qf6bfw1BCJtwPv9q
masilima1987@outlook.com,Some-Background-8949,pEm0rVcGsskDhsLw
edrechidis1979@outlook.com,Horror_Philosopher50,7E6YeU7fgbYTHIBY
ristmilrofis1973@outlook.com,PerspectiveFront1652,4WoRxNLgimvaQwrt
kicktersade1986@outlook.com,Complex-Ambassador70,f1ZqF9bKH7oxjLDq
princessvalenzulabdxztkuij@gmail.com,Either_Bowler3214,3hhMuy17bNorQmQ4
speakasiced1986@outlook.com,Impressive-Hall1225,EMoJbKHL72C8Quyd
verenphagens1985@outlook.com,Total_Syrup_2375,GNd5l8mPmXqhleE5
rolandadamigzmvkbxbq@gmail.com,Individual-Public753,nP6UAf1oHJGW16Uu
ocnarmautrul1981@outlook.com,Ill_Age8758,vQYubiypf8ama5Ba
venterccelmai1977@outlook.com,MiserableHighway7287,4eYLyiSQHQyZ8UGL
tisbcastserag1977@outlook.com,Able_Ad7706,FYaEUDGfwrPaJt9H
nikivanderenikneenwpixtip@gmail.com,SoilNovel5812,mZmP5ppWev8PsslE
marylynnstimpsonrcccuzali@gmail.com,Extension_Cut_1742,vcN9Umt0ABZGKQOW
mossmcilvainespiklswqfvoeu@gmail.com,Ok_Dig_9852,dVHi9FECKRhhMuhj
reitajunkersfeldimmeddjc@gmail.com,Sensitive-Lemon-3658,myzSTfn2BMxVafcB
reggieorostydoytvw@gmail.com,DeliciousPause8477,LiMeRymMcMrnLwmS
leslykoochuflehgrg@gmail.com,Radiant_Round_4937,LrwGIQveNqCGjyhU
maybackseenar1973@outlook.com,Ambitious_Lynx_2671,iH72YUf2kuPA50yR
paulaakelqcxhawhimlvzn@gmail.com,Opening_Run1128,t7ouVKujaPl7aUoT
codihanberryjrxubzf@gmail.com,No-Scale5504,QhPaa9vEemNEAbjg
neyflavechre1988@outlook.com,Loud-Quit-3675,nAW2tHJSeKjppfVA
congedochop1985@outlook.com,CriticalTranslator59,RGCieBMaooMR8bXx
intiolero1986@outlook.com,Reasonable-Corner366,b3JRXbCgeCpNT6aV
falchotecouv1974@outlook.com,Professional_Lie5127,npdBFat3dUVAvQ55
adaminamastermanjbycqafajx@gmail.com,ResolutionFluid9721,XAJ78FMvFdEainUR
cayleykaltsjcei@gmail.com,Hour_Fudge8227,MPvC4zuUHS9r6uCT
fightacinca1971@outlook.com,Ok_Turn_9184,HWKUzcnpStm5fwW9
flagophemche1987@outlook.com,Quirky-Path-2567,SXtXqfcItEXCBGFm
sketecobbe1973@outlook.com,Turbulent_Mud_7021,DwTZbi0PdpHw8N2u
conssucompving1986@outlook.com,No-Boysenberry-1877,qtC332XLDTDrgH2e
anchaoflormis1976@outlook.com,AdRare4872,91buhCcxJ2zpvjKP
biogaciku1974@outlook.com,Sad_King_1912,5I3kWT2Aby2azvgZ
inesnebe1988@outlook.com,Successful-Job-8145,tnLkxBEXjC0q2roW
aglapopis1981@outlook.com,Big_Investigator_699,YTEUYpXeO5RX0kZm
anperworlcon1972@outlook.com,Successful_Party7933,br4rvtVqXXpVmEju
franroorankhin1980@outlook.com,Fun_Pickle6310,uIrIHhRTDKUyfrxj
candilatzigwymxtnobhku@gmail.com,RutabagaSerious7889,DHwPmavr4CnJLJKu
tirobemil1980@outlook.com,ExcitementCurious309,ZjV0FNKabusVrE7U
tammararalatimkbytlpys@gmail.com,Lanky-Dimension7786,MeXbVlCt1nj8EHfx
artalrizo1985@outlook.com,Similar_Physics1467,6gNXlD30ANNOi7Tf
mariaadamssfhbkfutfj@gmail.com,Simple_State_2848,mfsdVDm8dwSwhB8J
riacofonet1983@outlook.com,Horror-Rise-8472,oNMyxYhpKytFWrs5
jasonbrownorszndmpt@gmail.com,Equivalent_Cream1785,Jj6LzatJ5v8C64bA
queteofitel1980@outlook.com,Alert-Appointment397,C2yNedU2LSxE0xE1
roskowasnaumf@gmail.com,Acceptable-Area9295,h0uy0whIhbHHCgsb
amstowbertsa1980@outlook.com,Nervous_Penalty_3750,5adBv6E4G9py89Eq
scabtacaco1972@outlook.com,Normal_Government900,vxhEGY0ty3bCDW5F
alafernmqeqeb@gmail.com,AlarmingLog8914,IwI4I3t1o4OB6aXj
shalamornu@gmail.com,Few_Spirit9314,3wDxZCiDsNxzFJfa
shakounswozh@gmail.com,Mysterious_Quiet_141,tQt5j2tTEPZbSWa6
orpadeli1984@outlook.com,Defiant_Bank734,zYmonkOIGi9pk6Ez
omekildzotwi@gmail.com,Confident_Apple5563,jjwYXdX9iJhutujF
gowda.alfonso640@gmail.com,Super_Affect3925,JtZMVnloE1PJvg0Q
lisaharrissacmeul@gmail.com,CockroachFit7325,jm82mCfa92aF4ffo
stocconthidvia1970@outlook.com,ParamedicPleasant833,FxJCPpicdBziCrQs
surdelslacmu1982@outlook.com,ConcernPitiful4623,nNAHVLftoPIChIPb
gradysaini1744@gmail.com,Personal-Glove7995,ABEw5wipYPHkG72z
lisaclarkexdevjc@gmail.com,Specialist-Travel362,BJjUjSOQFH9tgFmI
nincahomic1975@outlook.com,Extreme-Bug1670,tOOugqdw6TfbeAHU
michaelwilsoncbocq@gmail.com,No_Gap_6862,aMSXZdKfY6Ia5ANY
michaelwilliamszlfgnphg@gmail.com,ProfitConsistent8670,k62DMcPzOwt8EdVN
rudolphkaur2059@gmail.com,EggplantOdd255,bP5ks1HJ3NPJ3sr6
tictempranhert1975@outlook.com,Tricky-Juice-1310,IeIMmMtzjwKkb9rW
nlogmortxenma1985@outlook.com,No_Sheepherder_2401,yN59wsneP8k5IZBD
michaelyoungoalkegv@gmail.com,Green_Target301,Fc7Ru5SSEWCESbTU
donaldkingascdwy@gmail.com,Careful-Produce9679,UjJGl6OAu7hx8RuZ
michellebrowntsbwi@gmail.com,Distinct_Cash_6432,pjyIu5iP3t7JItm4
xychmegeci1984@outlook.com,AbjectTemperature43,Hic4S5htruRw6QPm
tioterbucklens1983@outlook.com,Honest_Ad_6004,tPSbIxZDrlHBq45K
kaulbenny43@gmail.com,Careless-Concert5254,9Zmk1cS4BmebXehx
devarsonya171@gmail.com,Time_Set_6790,KrRrNhrbOtsXxysf
patsy.bandopadhyay8017@gmail.com,Total_Ad7000,ZPcwEj2JxnHBWiUc
beraparchsear1980@outlook.com,AbbreviationsOne4696,WC48ohQqftCrkQR8
belighsuco1982@outlook.com,Smart_Trick_4497,uag7Znqnfayj38BH
chotogareb1983@outlook.com,Real_Silver7037,eyOjd1NBapFxl1Vj
deimeranvo1976@outlook.com,DullWeather6475,Tpq8tC9PF0DMkFRw
kellibhat36@gmail.com,Wise_Maximum9835,jUnatSHZj9nDTpxx
patrick.somayaji2310@gmail.com,AcanthaceaeSweaty472,5DPXOVXrtvSIs15c
khatri.theresa107@gmail.com,North-Performer-9719,ucekcZwAYX5CuLNd
kendra.pandey9222@gmail.com,FunResolution2473,W28mFogfvRDZz2El
ranacecelia5991@gmail.com,Ok_Block_543,AnE2WXpsbHXx26mR
kathrynkshlerin166@gmail.com,HeadMap6128,Iid5ZXr02km4TaqY
mortswimmanscon1988@outlook.com,Elegant-Fortune-1401,YOB01U44VFBGx1ai
aliciapothuvaal281@gmail.com,Zealousideal-Put1298,gyg3h3RRJAqp4aC0
elsaverma152@gmail.com,Main-Carrot-7800,FeuYCF33xlzmXu2a
elizabeth.asan83@gmail.com,Previous_Bid_4572,qVKvHJkw3bjAeRQe
andresmahajan1912@gmail.com,Intelligent_Alps_634,76M93Gh0xph2R2mF
khanraul7xc9@gmail.com,Alternative-Bee-9651,TcoEjGIlMpAfgWb5
nfopcoldcete1975@outlook.com,Whole-Bad-7069,QedcoHMKAfyxON77
ernestine.guneta206@gmail.com,Internal_Dream4463,3JlY6XLPVWG7yJOS
kristinemehrotra9946@gmail.com,Time-Horse-2585,wHhDAkrvhTrQBgVu
kristina.bhadresha5339@gmail.com,Key_Information5404,HHhUjTqjgXiWZSHn
ermamishra804@gmail.com,Patient_Character759,jIqgv7JN35lhPFdm
deugehama1971@outlook.com,InternalParamedic929,U6HNKa1j2vYx6XT8
raquelbhadresha269@gmail.com,SignificantAd4848,KGRiEpCGzeLpxx7z
koccharstanley6@gmail.com,Confident_Coat5972,0eTu4ULmhsLKh4mk
breathourexcreg1983@outlook.com,Candid-Buddy-6328,CsY8CWphjOkym9bh
embranthiri.carla688@gmail.com,SuddenBeat3386,53m35oyifNR8pxBL
andrewbharadwaj2311@gmail.com,MaizeInfamous6369,4wc8fZddEcillZlz
rarackeypen1971@outlook.com,Full-Visit2127,RulNHkutlGOTkPSv
owesboros1983@outlook.com,Realistic-Career6366,Qn5UDFKUi26NLAUE
tracinacve1978@outlook.com,Feeling-Pressure-332,TZXAmCkNQtIhEgeH
trafatcenrie1980@outlook.com,LongjumpingFlower131,wkNSxUdwkxpSMNcG
centdeslawa1975@outlook.com,Immediate-Throat-391,MiYrooQdP7VgVwk1
dwivedi.terix@gmail.com,JudgmentMajestic7823,Y5u2Zoi4byy2qkAT
onvechyba1986@outlook.com,Electronic_Season683,x1oJ7ovTCcaWFMqS
coreboraf1981@outlook.com,Individual-Shock-671,DPnMZkNRPpdcFp2y
benafisa1987@outlook.com,Feisty-Teacher-8186,lbkk3IzOntTFmnWV
haborelra1980@outlook.com,No-Situation-4458,qTAeXO5qsQJC67nU
weshoobara1989@outlook.com,This-Direction-8426,Lde917jIWLSm0mzG
vindlasbenchfe1973@outlook.com,Electronic-Reply8501,Fpz9wh80MREnVtMS
